post_title,coupon_amount,date_expires
PASTIPRESTASI,15,2022-06-29
April20,20,2022-04-29
A54XBHJ7,150000,2022-05-22
6YNPZHYY,150000,2022-05-25
ETP2F999,150000,2022-05-25
N3HAW8MC,50000,2022-05-25
SDHVYP4F,50000,2022-05-25
6PJQS67F,50000,2022-05-25
58M5NW3X,100000,2022-05-25
HFEEF9TQ,50000,2022-05-25
V335FRMR,100000,2022-05-25
PJWZZCJ3,50000,2022-05-25
9PXK22VX,100000,2022-05-25
6Z5NNR9A,100000,2022-05-25
NYGQRRYQ,50000,2022-05-25
8NMXGY6S,100000,2022-05-25
RYKGN4QT,50000,2022-05-25
5FW8T5SN,50000,2022-05-25
VZ96GKJ7,50000,2022-05-25
W3XT9KJC,50000,2022-05-25
TJMHN5CU,150000,
NBSZYKDH,100000,2022-05-25
FSFQSV7U,100000,2022-05-25
5C4MUM55,50000,2022-06-13
A7P7GPH4,50000,2022-06-13
THQRHAVD,50000,2022-06-13
6Q24F2W3,50000,2022-06-13
ZFHRYBCP,50000,2022-06-13
VY6EV3QJ,50000,2022-06-13
F9TZFC6E,50000,2022-06-13
CRD6BKV3,50000,2022-06-13
ZQYH5BRN,50000,2022-06-13
TCZKG2SW,50000,2022-06-13
RKKF47U8,50000,2022-06-13
CNWTKA9M,50000,2022-06-13
WGY7F433,50000,2022-06-13
DBMNAPX5,50000,2022-06-13
9K3PZTQH,50000,2022-06-13
8D78KY5K,50000,2022-06-13
DR3KFK45,100000,2022-12-31
P5BTAK4A,100000,2022-12-31
P6WBSP8B,100000,2022-12-31
